1nqp,1si4,5ht1a_human_7E2Z,5ht1d_human_7E32,5ht1f_human_7EXD,cckar_human_7EZM,cnr1_human_6KPG,cnr2_human_6PT0
1.00000,0.99221,0.35789,0.29899,0.35135,0.33481,0.32845,0.42028
0.99221,1.00000,0.27319,0.37564,0.30324,0.31991,0.33205,0.42072
0.35789,0.27319,1.00000,0.96310,0.96921,0.93866,0.95689,0.29233
0.29899,0.37564,0.96310,1.00000,0.97034,0.95320,0.96110,0.28469
0.35135,0.30324,0.96921,0.97034,1.00000,0.95339,0.96617,0.28982
0.33481,0.31991,0.93866,0.95320,0.95339,1.00000,0.94560,0.29358
0.32845,0.33205,0.95689,0.96110,0.96617,0.94560,1.00000,0.29703
0.42028,0.42072,0.29233,0.28469,0.28982,0.29358,0.29703,1.00000
