1SJD,1T77,2AFZ,2ERP,2QQ6,3AH6,3GUB,3J1R,3UWK,4GIQ,4Z2X,5F12,5HG8,5JHE,5QMS,5XHX,5YL9,6BTM,6JIC,6OJS,6UN4,7A6Z,7C0N,7RLD
1.00000,0.30442,0.29526,0.26045,0.84216,0.35718,0.30550,0.55227,0.37996,0.29799,0.36527,0.39673,0.29269,0.25635,0.33648,0.34580,0.25506,0.31252,0.29813,0.29975,0.29338,0.29573,0.86767,0.26075
